global_step,desired_contact_states/foot_indices/FR,desired_contact_states/foot_indices/FL,desired_contact_states/foot_indices/RR,desired_contact_states/foot_indices/RL,desired_contact_states/clock_inputs/FL,desired_contact_states/clock_inputs/RR,desired_contact_states/clock_inputs/RL,desired_contact_states/clock_inputs/FR,desired_contact_states/desired_contact_states/FR,desired_contact_states/desired_contact_states/FL,desired_contact_states/desired_contact_states/RR,desired_contact_states/desired_contact_states/RL
0,0.03333333507180214,0.5333333611488342,0.5333333611488342,0.03333333507180214,-0.20791201293468475,-0.20791201293468475,0.20791171491146088,0.20791171491146088,0.6830306649208069,0.31696921586990356,0.31696921586990356,0.6830306649208069
1,0.06666667014360428,0.5666667222976685,0.5666667222976685,0.06666667014360428,-0.40673694014549255,-0.40673694014549255,0.40673667192459106,0.40673667192459106,0.8295481204986572,0.17045170068740845,0.17045170068740845,0.8295481204986572
2,0.10000000894069672,0.6000000834465027,0.6000000834465027,0.10000000894069672,-0.5877857208251953,-0.5877857208251953,0.5877853035926819,0.5877853035926819,0.9234362840652466,0.07656353712081909,0.07656353712081909,0.9234362840652466
3,0.13333334028720856,0.6333334445953369,0.6333334445953369,0.13333334028720856,-0.7431454062461853,-0.7431454062461853,0.7431449294090271,0.7431449294090271,0.9715943932533264,0.02840551733970642,0.02840551733970642,0.9715943932533264
4,0.1666666716337204,0.6666668057441711,0.6666668057441711,0.1666666716337204,-0.8660259246826172,-0.8660259246826172,0.866025447845459,0.866025447845459,0.9913650751113892,0.00863492488861084,0.00863492488861084,0.9913650751113892
5,0.20000000298023224,0.7000001668930054,0.7000001668930054,0.20000000298023224,-0.9510568976402283,-0.9510568976402283,0.9510565400123596,0.9510565400123596,0.9978535175323486,0.002146482467651367,0.002146482467651367,0.9978535175323486
6,0.23333333432674408,0.7333335280418396,0.7333335280418396,0.23333333432674408,-0.9945220351219177,-0.9945220351219177,0.9945219159126282,0.9945219159126282,0.9995014071464539,0.000498652458190918,0.000498652458190918,0.9995014071464539
7,0.2666666805744171,0.7666668891906738,0.7666668891906738,0.2666666805744171,-0.9945217370986938,-0.9945217370986938,0.9945218563079834,0.9945218563079834,0.9995014071464539,0.0004986822605133057,0.0004986822605133057,0.9995014071464539
8,0.30000001192092896,0.8000002503395081,0.8000002503395081,0.30000001192092896,-0.9510560631752014,-0.9510560631752014,0.9510564804077148,0.9510564804077148,0.9978535175323486,0.002146512269973755,0.002146512269973755,0.9978535175323486
9,0.3333333432674408,0.8333336114883423,0.8333336114883423,0.3333333432674408,-0.8660244941711426,-0.8660244941711426,0.8660253882408142,0.8660253882408142,0.9913650751113892,0.008635014295578003,0.008635014295578003,0.9913650751113892
10,0.36666667461395264,0.8666669726371765,0.8666669726371765,0.36666667461395264,-0.7431434392929077,-0.7431434392929077,0.7431448101997375,0.7431448101997375,0.9715943336486816,0.02840590476989746,0.02840590476989746,0.9715943336486816
11,0.4000000059604645,0.9000003337860107,0.9000003337860107,0.4000000059604645,-0.5877833962440491,-0.5877833962440491,0.5877852439880371,0.5877852439880371,0.9234362840652466,0.07656440138816833,0.07656440138816833,0.9234362840652466
12,0.4333333373069763,0.933333694934845,0.933333694934845,0.4333333373069763,-0.40673431754112244,-0.40673431754112244,0.4067365825176239,0.4067365825176239,0.8295480608940125,0.17045322060585022,0.17045322060585022,0.8295480608940125
13,0.46666666865348816,0.9666670560836792,0.9666670560836792,0.46666666865348816,-0.20790895819664001,-0.20790895819664001,0.20791161060333252,0.20791161060333252,0.6830306053161621,0.3169713318347931,0.3169713318347931,0.6830306053161621
14,0.5,3.5762786865234375e-07,3.5762786865234375e-07,0.5,2.2470421754405834e-06,2.2470421754405834e-06,-8.742277657347586e-08,-8.742277657347586e-08,0.5,0.5000020265579224,0.5000020265579224,0.5
15,0.5333333611488342,0.03333369269967079,0.03333369269967079,0.5333333611488342,0.20791390538215637,0.20791390538215637,-0.20791201293468475,-0.20791201293468475,0.31696921586990356,0.6830324530601501,0.6830324530601501,0.31696921586990356
16,0.5666667222976685,0.06666702777147293,0.06666702777147293,0.5666667222976685,0.4067387282848358,0.4067387282848358,-0.40673694014549255,-0.40673694014549255,0.17045170068740845,0.8295494318008423,0.8295494318008423,0.17045170068740845
17,0.6000000834465027,0.10000036656856537,0.10000036656856537,0.6000000834465027,0.5877871513366699,0.5877871513366699,-0.5877857208251953,-0.5877857208251953,0.07656353712081909,0.9234369993209839,0.9234369993209839,0.07656353712081909
18,0.6333334445953369,0.1333336979150772,0.1333336979150772,0.6333334445953369,0.7431463599205017,0.7431463599205017,-0.7431454062461853,-0.7431454062461853,0.02840551733970642,0.9715946912765503,0.9715946912765503,0.02840551733970642
19,0.6666668057441711,0.16666702926158905,0.16666702926158905,0.6666668057441711,0.8660265803337097,0.8660265803337097,-0.8660259246826172,-0.8660259246826172,0.00863492488861084,0.9913651943206787,0.9913651943206787,0.00863492488861084
20,0.7000001668930054,0.2000003606081009,0.2000003606081009,0.7000001668930054,0.9510572552680969,0.9510572552680969,-0.9510568976402283,-0.9510568976402283,0.002146482467651367,0.9978535771369934,0.9978535771369934,0.002146482467651367
21,0.7333335280418396,0.23333369195461273,0.23333369195461273,0.7333335280418396,0.9945221543312073,0.9945221543312073,-0.9945220351219177,-0.9945220351219177,0.000498652458190918,0.9995014071464539,0.9995014071464539,0.000498652458190918
22,0.7666668891906738,0.26666703820228577,0.26666703820228577,0.7666668891906738,0.9945216178894043,0.9945216178894043,-0.9945217370986938,-0.9945217370986938,0.0004986822605133057,0.9995014071464539,0.9995014071464539,0.0004986822605133057
23,0.8000002503395081,0.3000003695487976,0.3000003695487976,0.8000002503395081,0.9510558247566223,0.9510558247566223,-0.9510560631752014,-0.9510560631752014,0.002146512269973755,0.9978534579277039,0.9978534579277039,0.002146512269973755
24,0.8333336114883423,0.33333370089530945,0.33333370089530945,0.8333336114883423,0.8660241961479187,0.8660241961479187,-0.8660244941711426,-0.8660244941711426,0.008635014295578003,0.9913649559020996,0.9913649559020996,0.008635014295578003
25,0.8666669726371765,0.3666670322418213,0.3666670322418213,0.8666669726371765,0.7431432008743286,0.7431432008743286,-0.7431434392929077,-0.7431434392929077,0.02840590476989746,0.9715940356254578,0.9715940356254578,0.02840590476989746
26,0.9000003337860107,0.40000036358833313,0.40000036358833313,0.9000003337860107,0.5877832770347595,0.5877832770347595,-0.5877833962440491,-0.5877833962440491,0.07656440138816833,0.9234355092048645,0.9234355092048645,0.07656440138816833
27,0.933333694934845,0.43333369493484497,0.43333369493484497,0.933333694934845,0.4067344069480896,0.4067344069480896,-0.40673431754112244,-0.40673431754112244,0.17045322060585022,0.8295468091964722,0.8295468091964722,0.17045322060585022
28,0.9666670560836792,0.4666670262813568,0.4666670262813568,0.9666670560836792,0.2079095095396042,0.2079095095396042,-0.20790895819664001,-0.20790895819664001,0.3169713318347931,0.6830288171768188,0.6830288171768188,0.3169713318347931
29,3.5762786865234375e-07,0.5000003576278687,0.5000003576278687,3.5762786865234375e-07,-2.233190116385231e-06,-2.233190116385231e-06,2.2470421754405834e-06,2.2470421754405834e-06,0.5000020265579224,0.49999797344207764,0.49999797344207764,0.5000020265579224
30,0.03333369269967079,0.5333337187767029,0.5333337187767029,0.03333369269967079,-0.20791411399841309,-0.20791411399841309,0.20791390538215637,0.20791390538215637,0.6830324530601501,0.3169673681259155,0.3169673681259155,0.6830324530601501
31,0.06666702777147293,0.5666670799255371,0.5666670799255371,0.06666702777147293,-0.40673914551734924,-0.40673914551734924,0.4067387282848358,0.4067387282848358,0.8295494318008423,0.17045044898986816,0.17045044898986816,0.8295494318008423
32,0.10000036656856537,0.6000004410743713,0.6000004410743713,0.10000036656856537,-0.5877876281738281,-0.5877876281738281,0.5877871513366699,0.5877871513366699,0.9234369993209839,0.07656282186508179,0.07656282186508179,0.9234369993209839
33,0.1333336979150772,0.6333338022232056,0.6333338022232056,0.1333336979150772,-0.7431468367576599,-0.7431468367576599,0.7431463599205017,0.7431463599205017,0.9715946912765503,0.02840515971183777,0.02840515971183777,0.9715946912765503
34,0.16666702926158905,0.6666671633720398,0.6666671633720398,0.16666702926158905,-0.8660271167755127,-0.8660271167755127,0.8660265803337097,0.8660265803337097,0.9913651943206787,0.008634746074676514,0.008634746074676514,0.9913651943206787
35,0.2000003606081009,0.700000524520874,0.700000524520874,0.2000003606081009,-0.951057493686676,-0.951057493686676,0.9510572552680969,0.9510572552680969,0.9978535771369934,0.002146422863006592,0.002146422863006592,0.9978535771369934
36,0.23333369195461273,0.7333338856697083,0.7333338856697083,0.23333369195461273,-0.9945222735404968,-0.9945222735404968,0.9945221543312073,0.9945221543312073,0.9995014071464539,0.000498652458190918,0.000498652458190918,0.9995014071464539
37,0.26666703820228577,0.7666672468185425,0.7666672468185425,0.26666703820228577,-0.9945214986801147,-0.9945214986801147,0.9945216178894043,0.9945216178894043,0.9995014071464539,0.0004986822605133057,0.0004986822605133057,0.9995014071464539
38,0.3000003695487976,0.8000006079673767,0.8000006079673767,0.3000003695487976,-0.9510552883148193,-0.9510552883148193,0.9510558247566223,0.9510558247566223,0.9978534579277039,0.0021465420722961426,0.0021465420722961426,0.9978534579277039
39,0.33333370089530945,0.8333339691162109,0.8333339691162109,0.33333370089530945,-0.8660233020782471,-0.8660233020782471,0.8660241961479187,0.8660241961479187,0.9913649559020996,0.008635133504867554,0.008635133504867554,0.9913649559020996
40,0.3666670322418213,0.8666673302650452,0.8666673302650452,0.3666670322418213,-0.7431418895721436,-0.7431418895721436,0.7431432008743286,0.7431432008743286,0.9715940356254578,0.028406262397766113,0.028406262397766113,0.9715940356254578
41,0.40000036358833313,0.9000006914138794,0.9000006914138794,0.40000036358833313,-0.5877814888954163,-0.5877814888954163,0.5877832770347595,0.5877832770347595,0.9234355092048645,0.07656514644622803,0.07656514644622803,0.9234355092048645
42,0.43333369493484497,0.9333340525627136,0.9333340525627136,0.43333369493484497,-0.40673255920410156,-0.40673255920410156,0.4067344069480896,0.4067344069480896,0.8295468091964722,0.17045453190803528,0.17045453190803528,0.8295468091964722
43,0.4666670262813568,0.9666674137115479,0.9666674137115479,0.4666670262813568,-0.20790709555149078,-0.20790709555149078,0.2079095095396042,0.2079095095396042,0.6830288171768188,0.31697314977645874,0.31697314977645874,0.6830288171768188
44,0.5000003576278687,7.152557373046875e-07,7.152557373046875e-07,0.5000003576278687,4.494084350881167e-06,4.494084350881167e-06,-2.233190116385231e-06,-2.233190116385231e-06,0.49999797344207764,0.5000040531158447,0.5000040531158447,0.49999797344207764
45,0.5333337187767029,0.033334050327539444,0.033334050327539444,0.5333337187767029,0.20791609585285187,0.20791609585285187,-0.20791411399841309,-0.20791411399841309,0.3169673681259155,0.6830343008041382,0.6830343008041382,0.3169673681259155
46,0.5666670799255371,0.06666738539934158,0.06666738539934158,0.5666670799255371,0.40674078464508057,0.40674078464508057,-0.40673914551734924,-0.40673914551734924,0.17045044898986816,0.8295506834983826,0.8295506834983826,0.17045044898986816
47,0.6000004410743713,0.10000072419643402,0.10000072419643402,0.6000004410743713,0.5877889394760132,0.5877889394760132,-0.5877876281738281,-0.5877876281738281,0.07656282186508179,0.9234377145767212,0.9234377145767212,0.07656282186508179
48,0.6333338022232056,0.13333405554294586,0.13333405554294586,0.6333338022232056,0.7431479096412659,0.7431479096412659,-0.7431468367576599,-0.7431468367576599,0.02840515971183777,0.971595048904419,0.971595048904419,0.02840515971183777
49,0.6666671633720398,0.1666673868894577,0.1666673868894577,0.6666671633720398,0.8660277128219604,0.8660277128219604,-0.8660271167755127,-0.8660271167755127,0.008634746074676514,0.9913653135299683,0.9913653135299683,0.008634746074676514
50,0.700000524520874,0.20000071823596954,0.20000071823596954,0.700000524520874,0.9510579109191895,0.9510579109191895,-0.951057493686676,-0.951057493686676,0.002146422863006592,0.9978535771369934,0.9978535771369934,0.002146422863006592
51,0.7333338856697083,0.23333404958248138,0.23333404958248138,0.7333338856697083,0.9945223927497864,0.9945223927497864,-0.9945222735404968,-0.9945222735404968,0.000498652458190918,0.9995014071464539,0.9995014071464539,0.000498652458190918
52,0.7666672468185425,0.2666673958301544,0.2666673958301544,0.7666672468185425,0.99452143907547,0.99452143907547,-0.9945214986801147,-0.9945214986801147,0.0004986822605133057,0.9995014071464539,0.9995014071464539,0.0004986822605133057
53,0.8000006079673767,0.30000072717666626,0.30000072717666626,0.8000006079673767,0.951055109500885,0.951055109500885,-0.9510552883148193,-0.9510552883148193,0.0021465420722961426,0.9978534579277039,0.9978534579277039,0.0021465420722961426
54,0.8333339691162109,0.3333340585231781,0.3333340585231781,0.8333339691162109,0.8660231232643127,0.8660231232643127,-0.8660233020782471,-0.8660233020782471,0.008635133504867554,0.9913648366928101,0.9913648366928101,0.008635133504867554
55,0.8666673302650452,0.36666738986968994,0.36666738986968994,0.8666673302650452,0.743141770362854,0.743141770362854,-0.7431418895721436,-0.7431418895721436,0.028406262397766113,0.9715936779975891,0.9715936779975891,0.028406262397766113
56,0.9000006914138794,0.4000007212162018,0.4000007212162018,0.9000006914138794,0.587781548500061,0.587781548500061,-0.5877814888954163,-0.5877814888954163,0.07656514644622803,0.9234347939491272,0.9234347939491272,0.07656514644622803
57,0.9333340525627136,0.4333340525627136,0.4333340525627136,0.9333340525627136,0.406732439994812,0.406732439994812,-0.40673255920410156,-0.40673255920410156,0.17045453190803528,0.8295454978942871,0.8295454978942871,0.17045453190803528
58,0.9666674137115479,0.46666738390922546,0.46666738390922546,0.9666674137115479,0.20790718495845795,0.20790718495845795,-0.20790709555149078,-0.20790709555149078,0.31697314977645874,0.6830270290374756,0.6830270290374756,0.31697314977645874
59,7.152557373046875e-07,0.5000007152557373,0.5000007152557373,7.152557373046875e-07,-4.617375907400856e-06,-4.617375907400856e-06,4.494084350881167e-06,4.494084350881167e-06,0.5000040531158447,0.4999959468841553,0.4999959468841553,0.5000040531158447
60,0.033334050327539444,0.5333340764045715,0.5333340764045715,0.033334050327539444,-0.20791645348072052,-0.20791645348072052,0.20791609585285187,0.20791609585285187,0.6830343008041382,0.31696557998657227,0.31696557998657227,0.6830343008041382
61,0.06666738539934158,0.5666674375534058,0.5666674375534058,0.06666738539934158,-0.40674108266830444,-0.40674108266830444,0.40674078464508057,0.40674078464508057,0.8295506834983826,0.1704491376876831,0.1704491376876831,0.8295506834983826
62,0.10000072419643402,0.60000079870224,0.60000079870224,0.10000072419643402,-0.5877893567085266,-0.5877893567085266,0.5877889394760132,0.5877889394760132,0.9234377145767212,0.07656204700469971,0.07656204700469971,0.9234377145767212
63,0.13333405554294586,0.6333341598510742,0.6333341598510742,0.13333405554294586,-0.7431484460830688,-0.7431484460830688,0.7431479096412659,0.7431479096412659,0.971595048904419,0.028404802083969116,0.028404802083969116,0.971595048904419
64,0.1666673868894577,0.6666675209999084,0.6666675209999084,0.1666673868894577,-0.8660280704498291,-0.8660280704498291,0.8660277128219604,0.8660277128219604,0.9913653135299683,0.008634686470031738,0.008634686470031738,0.9913653135299683
65,0.20000071823596954,0.7000008821487427,0.7000008821487427,0.20000071823596954,-0.9510582685470581,-0.9510582685470581,0.9510579109191895,0.9510579109191895,0.9978535771369934,0.002146422863006592,0.002146422863006592,0.9978535771369934
66,0.23333404958248138,0.7333342432975769,0.7333342432975769,0.23333404958248138,-0.9945225119590759,-0.9945225119590759,0.9945223927497864,0.9945223927497864,0.9995014071464539,0.000498652458190918,0.000498652458190918,0.9995014071464539
67,0.2666673958301544,0.7666676044464111,0.7666676044464111,0.2666673958301544,-0.9945212602615356,-0.9945212602615356,0.99452143907547,0.99452143907547,0.9995014071464539,0.0004987120628356934,0.0004987120628356934,0.9995014071464539
68,0.30000072717666626,0.8000009655952454,0.8000009655952454,0.30000072717666626,-0.951054573059082,-0.951054573059082,0.951055109500885,0.951055109500885,0.9978534579277039,0.0021465718746185303,0.0021465718746185303,0.9978534579277039
69,0.3333340585231781,0.8333343267440796,0.8333343267440796,0.3333340585231781,-0.8660221099853516,-0.8660221099853516,0.8660231232643127,0.8660231232643127,0.9913648366928101,0.008635252714157104,0.008635252714157104,0.9913648366928101
70,0.36666738986968994,0.8666676878929138,0.8666676878929138,0.36666738986968994,-0.7431406378746033,-0.7431406378746033,0.743141770362854,0.743141770362854,0.9715936779975891,0.028406590223312378,0.028406590223312378,0.9715936779975891
71,0.4000007212162018,0.900001049041748,0.900001049041748,0.4000007212162018,-0.5877799391746521,-0.5877799391746521,0.587781548500061,0.587781548500061,0.9234347939491272,0.07656586170196533,0.07656586170196533,0.9234347939491272
72,0.4333340525627136,0.9333344101905823,0.9333344101905823,0.4333340525627136,-0.40673038363456726,-0.40673038363456726,0.406732439994812,0.406732439994812,0.8295454978942871,0.17045581340789795,0.17045581340789795,0.8295454978942871
73,0.46666738390922546,0.9666677713394165,0.9666677713394165,0.46666738390922546,-0.20790475606918335,-0.20790475606918335,0.20790718495845795,0.20790718495845795,0.6830270290374756,0.3169749677181244,0.3169749677181244,0.6830270290374756
74,0.5000007152557373,1.0728836059570312e-06,1.0728836059570312e-06,0.5000007152557373,6.74112652632175e-06,6.74112652632175e-06,-4.617375907400856e-06,-4.617375907400856e-06,0.4999959468841553,0.5000061392784119,0.5000061392784119,0.4999959468841553
75,0.5333340764045715,0.033334407955408096,0.033334407955408096,0.5333340764045715,0.20791830122470856,0.20791830122470856,-0.20791645348072052,-0.20791645348072052,0.31696557998657227,0.6830360889434814,0.6830360889434814,0.31696557998657227
76,0.5666674375534058,0.06666774302721024,0.06666774302721024,0.5666674375534058,0.4067428410053253,0.4067428410053253,-0.40674108266830444,-0.40674108266830444,0.1704491376876831,0.8295519948005676,0.8295519948005676,0.1704491376876831
77,0.60000079870224,0.10000108182430267,0.10000108182430267,0.60000079870224,0.5877907872200012,0.5877907872200012,-0.5877893567085266,-0.5877893567085266,0.07656204700469971,0.9234384894371033,0.9234384894371033,0.07656204700469971
78,0.6333341598510742,0.13333441317081451,0.13333441317081451,0.6333341598510742,0.7431493997573853,0.7431493997573853,-0.7431484460830688,-0.7431484460830688,0.028404802083969116,0.9715954065322876,0.9715954065322876,0.028404802083969116
79,0.6666675209999084,0.16666774451732635,0.16666774451732635,0.6666675209999084,0.8660288453102112,0.8660288453102112,-0.8660280704498291,-0.8660280704498291,0.008634686470031738,0.9913654327392578,0.9913654327392578,0.008634686470031738
80,0.7000008821487427,0.2000010758638382,0.2000010758638382,0.7000008821487427,0.9510586261749268,0.9510586261749268,-0.9510582685470581,-0.9510582685470581,0.002146422863006592,0.9978535771369934,0.9978535771369934,0.002146422863006592
81,0.7333342432975769,0.23333440721035004,0.23333440721035004,0.7333342432975769,0.9945226311683655,0.9945226311683655,-0.9945225119590759,-0.9945225119590759,0.000498652458190918,0.9995014071464539,0.9995014071464539,0.000498652458190918
82,0.7666676044464111,0.26666775345802307,0.26666775345802307,0.7666676044464111,0.9945212006568909,0.9945212006568909,-0.9945212602615356,-0.9945212602615356,0.0004987120628356934,0.9995013475418091,0.9995013475418091,0.0004987120628356934
83,0.8000009655952454,0.3000010848045349,0.3000010848045349,0.8000009655952454,0.9510543942451477,0.9510543942451477,-0.951054573059082,-0.951054573059082,0.0021465718746185303,0.9978533983230591,0.9978533983230591,0.0021465718746185303
84,0.8333343267440796,0.33333441615104675,0.33333441615104675,0.8333343267440796,0.8660219311714172,0.8660219311714172,-0.8660221099853516,-0.8660221099853516,0.008635252714157104,0.9913647174835205,0.9913647174835205,0.008635252714157104
85,0.8666676878929138,0.3666677474975586,0.3666677474975586,0.8666676878929138,0.7431403398513794,0.7431403398513794,-0.7431406378746033,-0.7431406378746033,0.028406590223312378,0.9715933799743652,0.9715933799743652,0.028406590223312378
86,0.900001049041748,0.40000107884407043,0.40000107884407043,0.900001049041748,0.5877798199653625,0.5877798199653625,-0.5877799391746521,-0.5877799391746521,0.07656586170196533,0.9234340190887451,0.9234340190887451,0.07656586170196533
87,0.9333344101905823,0.4333344101905823,0.4333344101905823,0.9333344101905823,0.4067304730415344,0.4067304730415344,-0.40673038363456726,-0.40673038363456726,0.17045581340789795,0.829544186592102,0.829544186592102,0.17045581340789795
88,0.9666677713394165,0.4666677415370941,0.4666677415370941,0.9666677713394165,0.20790508389472961,0.20790508389472961,-0.20790475606918335,-0.20790475606918335,0.3169749677181244,0.6830251812934875,0.6830251812934875,0.3169749677181244
89,1.0728836059570312e-06,0.500001072883606,0.500001072883606,1.0728836059570312e-06,-6.763143119314918e-06,-6.763143119314918e-06,6.74112652632175e-06,6.74112652632175e-06,0.5000061392784119,0.49999386072158813,0.49999386072158813,0.5000061392784119
90,0.033334407955408096,0.5333344340324402,0.5333344340324402,0.033334407955408096,-0.20791855454444885,-0.20791855454444885,0.20791830122470856,0.20791830122470856,0.6830360889434814,0.316963791847229,0.316963791847229,0.6830360889434814
91,0.06666774302721024,0.5666677951812744,0.5666677951812744,0.06666774302721024,-0.40674325823783875,-0.40674325823783875,0.4067428410053253,0.4067428410053253,0.8295519948005676,0.17044782638549805,0.17044782638549805,0.8295519948005676
92,0.10000108182430267,0.6000011563301086,0.6000011563301086,0.10000108182430267,-0.5877910852432251,-0.5877910852432251,0.5877907872200012,0.5877907872200012,0.9234384894371033,0.0765613317489624,0.0765613317489624,0.9234384894371033
93,0.13333441317081451,0.6333345174789429,0.6333345174789429,0.13333441317081451,-0.7431498765945435,-0.7431498765945435,0.7431493997573853,0.7431493997573853,0.9715954065322876,0.02840450406074524,0.02840450406074524,0.9715954065322876
94,0.16666774451732635,0.6666678786277771,0.6666678786277771,0.16666774451732635,-0.8660292625427246,-0.8660292625427246,0.8660288453102112,0.8660288453102112,0.9913654327392578,0.008634507656097412,0.008634507656097412,0.9913654327392578
95,0.2000010758638382,0.7000012397766113,0.7000012397766113,0.2000010758638382,-0.9510589838027954,-0.9510589838027954,0.9510586261749268,0.9510586261749268,0.9978535771369934,0.0021463632583618164,0.0021463632583618164,0.9978535771369934
96,0.23333440721035004,0.7333346009254456,0.7333346009254456,0.23333440721035004,-0.994522750377655,-0.994522750377655,0.9945226311683655,0.9945226311683655,0.9995014071464539,0.000498652458190918,0.000498652458190918,0.9995014071464539
97,0.26666775345802307,0.7666679620742798,0.7666679620742798,0.26666775345802307,-0.9945210218429565,-0.9945210218429565,0.9945212006568909,0.9945212006568909,0.9995013475418091,0.0004987120628356934,0.0004987120628356934,0.9995013475418091
98,0.3000010848045349,0.800001323223114,0.800001323223114,0.3000010848045349,-0.9510539770126343,-0.9510539770126343,0.9510543942451477,0.9510543942451477,0.9978533983230591,0.002146601676940918,0.002146601676940918,0.9978533983230591
99,0.33333441615104675,0.8333346843719482,0.8333346843719482,0.33333441615104675,-0.8660211563110352,-0.8660211563110352,0.8660219311714172,0.8660219311714172,0.9913647174835205,0.008635371923446655,0.008635371923446655,0.9913647174835205
100,0.3666677474975586,0.8666680455207825,0.8666680455207825,0.3666677474975586,-0.7431389689445496,-0.7431389689445496,0.7431403398513794,0.7431403398513794,0.9715933799743652,0.028406918048858643,0.028406918048858643,0.9715933799743652
101,0.40000107884407043,0.9000014066696167,0.9000014066696167,0.40000107884407043,-0.5877779722213745,-0.5877779722213745,0.5877798199653625,0.5877798199653625,0.9234340190887451,0.07656663656234741,0.07656663656234741,0.9234340190887451
102,0.4333344101905823,0.9333347678184509,0.9333347678184509,0.4333344101905823,-0.40672820806503296,-0.40672820806503296,0.4067304730415344,0.4067304730415344,0.829544186592102,0.17045709490776062,0.17045709490776062,0.829544186592102
103,0.4666677415370941,0.9666681289672852,0.9666681289672852,0.4666677415370941,-0.2079024314880371,-0.2079024314880371,0.20790508389472961,0.20790508389472961,0.6830251812934875,0.31697678565979004,0.31697678565979004,0.6830251812934875
104,0.500001072883606,1.430511474609375e-06,1.430511474609375e-06,0.500001072883606,8.988168701762334e-06,8.988168701762334e-06,-6.763143119314918e-06,-6.763143119314918e-06,0.49999386072158813,0.5000081658363342,0.5000081658363342,0.49999386072158813
105,0.5333344340324402,0.03333476558327675,0.03333476558327675,0.5333344340324402,0.20792050659656525,0.20792050659656525,-0.20791855454444885,-0.20791855454444885,0.316963791847229,0.6830379366874695,0.6830379366874695,0.316963791847229
106,0.5666677951812744,0.06666810065507889,0.06666810065507889,0.5666677951812744,0.4067448675632477,0.4067448675632477,-0.40674325823783875,-0.40674325823783875,0.17044782638549805,0.8295532464981079,0.8295532464981079,0.17044782638549805
107,0.6000011563301086,0.10000143945217133,0.10000143945217133,0.6000011563301086,0.5877926349639893,0.5877926349639893,-0.5877910852432251,-0.5877910852432251,0.0765613317489624,0.9234392046928406,0.9234392046928406,0.0765613317489624
108,0.6333345174789429,0.13333477079868317,0.13333477079868317,0.6333345174789429,0.7431509494781494,0.7431509494781494,-0.7431498765945435,-0.7431498765945435,0.02840450406074524,0.9715957045555115,0.9715957045555115,0.02840450406074524
109,0.6666678786277771,0.166668102145195,0.166668102145195,0.6666678786277771,0.8660299777984619,0.8660299777984619,-0.8660292625427246,-0.8660292625427246,0.008634507656097412,0.9913655519485474,0.9913655519485474,0.008634507656097412
110,0.7000012397766113,0.20000143349170685,0.20000143349170685,0.7000012397766113,0.9510593414306641,0.9510593414306641,-0.9510589838027954,-0.9510589838027954,0.0021463632583618164,0.9978536367416382,0.9978536367416382,0.0021463632583618164
111,0.7333346009254456,0.2333347648382187,0.2333347648382187,0.7333346009254456,0.9945228099822998,0.9945228099822998,-0.994522750377655,-0.994522750377655,0.000498652458190918,0.9995014071464539,0.9995014071464539,0.000498652458190918
112,0.7666679620742798,0.2666681110858917,0.2666681110858917,0.7666679620742798,0.9945209622383118,0.9945209622383118,-0.9945210218429565,-0.9945210218429565,0.0004987120628356934,0.9995013475418091,0.9995013475418091,0.0004987120628356934
113,0.800001323223114,0.30000144243240356,0.30000144243240356,0.800001323223114,0.9510536789894104,0.9510536789894104,-0.9510539770126343,-0.9510539770126343,0.002146601676940918,0.9978533387184143,0.9978533387184143,0.002146601676940918
114,0.8333346843719482,0.3333347737789154,0.3333347737789154,0.8333346843719482,0.8660208582878113,0.8660208582878113,-0.8660211563110352,-0.8660211563110352,0.008635371923446655,0.991364598274231,0.991364598274231,0.008635371923446655
115,0.8666680455207825,0.36666810512542725,0.36666810512542725,0.8666680455207825,0.7431387305259705,0.7431387305259705,-0.7431389689445496,-0.7431389689445496,0.028406918048858643,0.9715930223464966,0.9715930223464966,0.028406918048858643
116,0.9000014066696167,0.4000014364719391,0.4000014364719391,0.9000014066696167,0.5877779126167297,0.5877779126167297,-0.5877779722213745,-0.5877779722213745,0.07656663656234741,0.9234333038330078,0.9234333038330078,0.07656663656234741
117,0.9333347678184509,0.4333347678184509,0.4333347678184509,0.9333347678184509,0.4067282974720001,0.4067282974720001,-0.40672820806503296,-0.40672820806503296,0.17045709490776062,0.829542875289917,0.829542875289917,0.17045709490776062
118,0.9666681289672852,0.46666809916496277,0.46666809916496277,0.9666681289672852,0.20790274441242218,0.20790274441242218,-0.2079024314880371,-0.2079024314880371,0.31697678565979004,0.6830233335494995,0.6830233335494995,0.31697678565979004
119,1.430511474609375e-06,0.5000014305114746,0.5000014305114746,1.430511474609375e-06,-9.147328455583192e-06,-9.147328455583192e-06,8.988168701762334e-06,8.988168701762334e-06,0.5000081658363342,0.49999183416366577,0.49999183416366577,0.5000081658363342
120,0.03333476558327675,0.5333347916603088,0.5333347916603088,0.03333476558327675,-0.207920640707016,-0.207920640707016,0.20792050659656525,0.20792050659656525,0.6830379366874695,0.31696194410324097,0.31696194410324097,0.6830379366874695
121,0.06666810065507889,0.5666681528091431,0.5666681528091431,0.06666810065507889,-0.40674522519111633,-0.40674522519111633,0.4067448675632477,0.4067448675632477,0.8295532464981079,0.170446515083313,0.170446515083313,0.8295532464981079
122,0.10000143945217133,0.6000015139579773,0.6000015139579773,0.10000143945217133,-0.5877930521965027,-0.5877930521965027,0.5877926349639893,0.5877926349639893,0.9234392046928406,0.0765606164932251,0.0765606164932251,0.9234392046928406
123,0.13333477079868317,0.6333348751068115,0.6333348751068115,0.13333477079868317,-0.7431514859199524,-0.7431514859199524,0.7431509494781494,0.7431509494781494,0.9715957045555115,0.028404206037521362,0.028404206037521362,0.9715957045555115
124,0.166668102145195,0.6666682362556458,0.6666682362556458,0.166668102145195,-0.8660304546356201,-0.8660304546356201,0.8660299777984619,0.8660299777984619,0.9913655519485474,0.008634388446807861,0.008634388446807861,0.9913655519485474
125,0.20000143349170685,0.70000159740448,0.70000159740448,0.20000143349170685,-0.9510596990585327,-0.9510596990585327,0.9510593414306641,0.9510593414306641,0.9978536367416382,0.002146303653717041,0.002146303653717041,0.9978536367416382
126,0.2333347648382187,0.7333349585533142,0.7333349585533142,0.2333347648382187,-0.9945229291915894,-0.9945229291915894,0.9945228099822998,0.9945228099822998,0.9995014071464539,0.000498652458190918,0.000498652458190918,0.9995014071464539
127,0.2666681110858917,0.7666683197021484,0.7666683197021484,0.2666681110858917,-0.9945207834243774,-0.9945207834243774,0.9945209622383118,0.9945209622383118,0.9995013475418091,0.0004987120628356934,0.0004987120628356934,0.9995013475418091
128,0.30000144243240356,0.8000016808509827,0.8000016808509827,0.30000144243240356,-0.951053261756897,-0.951053261756897,0.9510536789894104,0.9510536789894104,0.9978533387184143,0.0021466612815856934,0.0021466612815856934,0.9978533387184143
129,0.3333347737789154,0.8333350419998169,0.8333350419998169,0.3333347737789154,-0.8660199642181396,-0.8660199642181396,0.8660208582878113,0.8660208582878113,0.991364598274231,0.008635491132736206,0.008635491132736206,0.991364598274231
130,0.36666810512542725,0.8666684031486511,0.8666684031486511,0.36666810512542725,-0.7431374192237854,-0.7431374192237854,0.7431387305259705,0.7431387305259705,0.9715930223464966,0.028407245874404907,0.028407245874404907,0.9715930223464966
131,0.4000014364719391,0.9000017642974854,0.9000017642974854,0.4000014364719391,-0.5877760648727417,-0.5877760648727417,0.5877779126167297,0.5877779126167297,0.9234333038330078,0.07656735181808472,0.07656735181808472,0.9234333038330078
132,0.4333347678184509,0.9333351254463196,0.9333351254463196,0.4333347678184509,-0.40672603249549866,-0.40672603249549866,0.4067282974720001,0.4067282974720001,0.829542875289917,0.17045840620994568,0.17045840620994568,0.829542875289917
133,0.46666809916496277,0.9666684865951538,0.9666684865951538,0.46666809916496277,-0.20790055394172668,-0.20790055394172668,0.20790274441242218,0.20790274441242218,0.6830233335494995,0.3169786334037781,0.3169786334037781,0.6830233335494995
134,0.5000014305114746,1.7881393432617188e-06,1.7881393432617188e-06,0.5000014305114746,1.1235210877202917e-05,1.1235210877202917e-05,-9.147328455583192e-06,-9.147328455583192e-06,0.49999183416366577,0.5000101923942566,0.5000101923942566,0.49999183416366577
135,0.5333347916603088,0.0333351232111454,0.0333351232111454,0.5333347916603088,0.20792269706726074,0.20792269706726074,-0.207920640707016,-0.207920640707016,0.31696194410324097,0.6830397844314575,0.6830397844314575,0.31696194410324097
136,0.5666681528091431,0.06666845828294754,0.06666845828294754,0.5666681528091431,0.4067469537258148,0.4067469537258148,-0.40674522519111633,-0.40674522519111633,0.170446515083313,0.829554557800293,0.829554557800293,0.170446515083313
137,0.6000015139579773,0.10000179708003998,0.10000179708003998,0.6000015139579773,0.5877943634986877,0.5877943634986877,-0.5877930521965027,-0.5877930521965027,0.0765606164932251,0.9234399795532227,0.9234399795532227,0.0765606164932251
138,0.6333348751068115,0.13333512842655182,0.13333512842655182,0.6333348751068115,0.7431524395942688,0.7431524395942688,-0.7431514859199524,-0.7431514859199524,0.028404206037521362,0.9715960025787354,0.9715960025787354,0.028404206037521362
139,0.6666682362556458,0.16666845977306366,0.16666845977306366,0.6666682362556458,0.8660311102867126,0.8660311102867126,-0.8660304546356201,-0.8660304546356201,0.008634388446807861,0.9913656711578369,0.9913656711578369,0.008634388446807861
140,0.70000159740448,0.2000017911195755,0.2000017911195755,0.70000159740448,0.9510599970817566,0.9510599970817566,-0.9510596990585327,-0.9510596990585327,0.002146303653717041,0.997853696346283,0.997853696346283,0.002146303653717041
141,0.7333349585533142,0.23333512246608734,0.23333512246608734,0.7333349585533142,0.9945230484008789,0.9945230484008789,-0.9945229291915894,-0.9945229291915894,0.000498652458190918,0.9995014071464539,0.9995014071464539,0.000498652458190918
142,0.7666683197021484,0.2666684687137604,0.2666684687137604,0.7666683197021484,0.9945207238197327,0.9945207238197327,-0.9945207834243774,-0.9945207834243774,0.0004987120628356934,0.9995013475418091,0.9995013475418091,0.0004987120628356934
143,0.8000016808509827,0.3000018000602722,0.3000018000602722,0.8000016808509827,0.9510530233383179,0.9510530233383179,-0.951053261756897,-0.951053261756897,0.0021466612815856934,0.9978533387184143,0.9978533387184143,0.0021466612815856934
144,0.8333350419998169,0.33333513140678406,0.33333513140678406,0.8333350419998169,0.8660197854042053,0.8660197854042053,-0.8660199642181396,-0.8660199642181396,0.008635491132736206,0.9913644790649414,0.9913644790649414,0.008635491132736206
145,0.8666684031486511,0.3666684627532959,0.3666684627532959,0.8666684031486511,0.7431373000144958,0.7431373000144958,-0.7431374192237854,-0.7431374192237854,0.028407245874404907,0.9715926647186279,0.9715926647186279,0.028407245874404907
146,0.9000017642974854,0.40000179409980774,0.40000179409980774,0.9000017642974854,0.5877761840820312,0.5877761840820312,-0.5877760648727417,-0.5877760648727417,0.07656735181808472,0.9234325885772705,0.9234325885772705,0.07656735181808472
147,0.9333351254463196,0.4333351254463196,0.4333351254463196,0.9333351254463196,0.40672633051872253,0.40672633051872253,-0.40672603249549866,-0.40672603249549866,0.17045840620994568,0.8295415639877319,0.8295415639877319,0.17045840620994568
148,0.9666684865951538,0.4666684567928314,0.4666684567928314,0.9666684865951538,0.20790064334869385,0.20790064334869385,-0.20790055394172668,-0.20790055394172668,0.3169786334037781,0.6830215454101562,0.6830215454101562,0.3169786334037781
149,1.7881393432617188e-06,0.5000017881393433,0.5000017881393433,1.7881393432617188e-06,-1.1293095667497255e-05,-1.1293095667497255e-05,1.1235210877202917e-05,1.1235210877202917e-05,0.5000101923942566,0.4999898076057434,0.4999898076057434,0.5000101923942566
150,0.0333351232111454,0.5333351492881775,0.5333351492881775,0.0333351232111454,-0.20792298018932343,-0.20792298018932343,0.20792269706726074,0.20792269706726074,0.6830397844314575,0.31696009635925293,0.31696009635925293,0.6830397844314575
151,0.06666845828294754,0.5666685104370117,0.5666685104370117,0.06666845828294754,-0.40674740076065063,-0.40674740076065063,0.4067469537258148,0.4067469537258148,0.829554557800293,0.17044520378112793,0.17044520378112793,0.829554557800293
152,0.10000179708003998,0.600001871585846,0.600001871585846,0.10000179708003998,-0.5877947807312012,-0.5877947807312012,0.5877943634986877,0.5877943634986877,0.9234399795532227,0.07655990123748779,0.07655990123748779,0.9234399795532227
153,0.13333512842655182,0.6333352327346802,0.6333352327346802,0.13333512842655182,-0.7431528568267822,-0.7431528568267822,0.7431524395942688,0.7431524395942688,0.9715960025787354,0.02840384840965271,0.02840384840965271,0.9715960025787354
154,0.16666845977306366,0.6666685938835144,0.6666685938835144,0.16666845977306366,-0.8660314083099365,-0.8660314083099365,0.8660311102867126,0.8660311102867126,0.9913656711578369,0.008634328842163086,0.008634328842163086,0.9913656711578369
155,0.2000017911195755,0.7000019550323486,0.7000019550323486,0.2000017911195755,-0.9510602951049805,-0.9510602951049805,0.9510599970817566,0.9510599970817566,0.997853696346283,0.002146303653717041,0.002146303653717041,0.997853696346283
156,0.23333512246608734,0.7333353161811829,0.7333353161811829,0.23333512246608734,-0.9945232272148132,-0.9945232272148132,0.9945230484008789,0.9945230484008789,0.9995014071464539,0.000498652458190918,0.000498652458190918,0.9995014071464539
157,0.2666684687137604,0.7666686773300171,0.7666686773300171,0.2666684687137604,-0.9945205450057983,-0.9945205450057983,0.9945207238197327,0.9945207238197327,0.9995013475418091,0.0004987120628356934,0.0004987120628356934,0.9995013475418091
158,0.3000018000602722,0.8000020384788513,0.8000020384788513,0.3000018000602722,-0.9510524868965149,-0.9510524868965149,0.9510530233383179,0.9510530233383179,0.9978533387184143,0.002146691083908081,0.002146691083908081,0.9978533387184143
159,0.33333513140678406,0.8333353996276855,0.8333353996276855,0.33333513140678406,-0.8660187721252441,-0.8660187721252441,0.8660197854042053,0.8660197854042053,0.9913644790649414,0.008635610342025757,0.008635610342025757,0.9913644790649414
160,0.3666684627532959,0.8666687607765198,0.8666687607765198,0.3666684627532959,-0.7431358098983765,-0.7431358098983765,0.7431373000144958,0.7431373000144958,0.9715926647186279,0.02840760350227356,0.02840760350227356,0.9715926647186279
161,0.40000179409980774,0.900002121925354,0.900002121925354,0.40000179409980774,-0.5877745151519775,-0.5877745151519775,0.5877761840820312,0.5877761840820312,0.9234325885772705,0.07656809687614441,0.07656809687614441,0.9234325885772705
162,0.4333351254463196,0.9333354830741882,0.9333354830741882,0.4333351254463196,-0.40672430396080017,-0.40672430396080017,0.40672633051872253,0.40672633051872253,0.8295415639877319,0.17045968770980835,0.17045968770980835,0.8295415639877319
163,0.4666684567928314,0.9666688442230225,0.9666688442230225,0.4666684567928314,-0.20789822936058044,-0.20789822936058044,0.20790064334869385,0.20790064334869385,0.6830215454101562,0.31698042154312134,0.31698042154312134,0.6830215454101562
164,0.5000017881393433,2.1457672119140625e-06,2.1457672119140625e-06,0.5000017881393433,1.34822530526435e-05,1.34822530526435e-05,-1.1293095667497255e-05,-1.1293095667497255e-05,0.4999898076057434,0.500012218952179,0.500012218952179,0.4999898076057434
165,0.5333351492881775,0.03333548083901405,0.03333548083901405,0.5333351492881775,0.20792490243911743,0.20792490243911743,-0.20792298018932343,-0.20792298018932343,0.31696009635925293,0.6830415725708008,0.6830415725708008,0.31696009635925293
166,0.5666685104370117,0.06666881591081619,0.06666881591081619,0.5666685104370117,0.4067489802837372,0.4067489802837372,-0.40674740076065063,-0.40674740076065063,0.17044520378112793,0.829555869102478,0.829555869102478,0.17044520378112793
167,0.600001871585846,0.10000215470790863,0.10000215470790863,0.600001871585846,0.5877962112426758,0.5877962112426758,-0.5877947807312012,-0.5877947807312012,0.07655990123748779,0.92344069480896,0.92344069480896,0.07655990123748779
168,0.6333352327346802,0.13333548605442047,0.13333548605442047,0.6333352327346802,0.7431539297103882,0.7431539297103882,-0.7431528568267822,-0.7431528568267822,0.02840384840965271,0.971596360206604,0.971596360206604,0.02840384840965271
169,0.6666685938835144,0.1666688174009323,0.1666688174009323,0.6666685938835144,0.8660321831703186,0.8660321831703186,-0.8660314083099365,-0.8660314083099365,0.008634328842163086,0.9913657903671265,0.9913657903671265,0.008634328842163086
170,0.7000019550323486,0.20000214874744415,0.20000214874744415,0.7000019550323486,0.9510607123374939,0.9510607123374939,-0.9510602951049805,-0.9510602951049805,0.002146303653717041,0.997853696346283,0.997853696346283,0.002146303653717041
171,0.7333353161811829,0.233335480093956,0.233335480093956,0.7333353161811829,0.994523286819458,0.994523286819458,-0.9945232272148132,-0.9945232272148132,0.000498652458190918,0.9995014071464539,0.9995014071464539,0.000498652458190918
172,0.7666686773300171,0.26666882634162903,0.26666882634162903,0.7666686773300171,0.9945204854011536,0.9945204854011536,-0.9945205450057983,-0.9945205450057983,0.0004987120628356934,0.9995013475418091,0.9995013475418091,0.0004987120628356934
173,0.8000020384788513,0.30000215768814087,0.30000215768814087,0.8000020384788513,0.9510523080825806,0.9510523080825806,-0.9510524868965149,-0.9510524868965149,0.002146691083908081,0.9978533387184143,0.9978533387184143,0.002146691083908081
174,0.8333353996276855,0.3333354890346527,0.3333354890346527,0.8333353996276855,0.8660185933113098,0.8660185933113098,-0.8660187721252441,-0.8660187721252441,0.008635610342025757,0.9913643598556519,0.9913643598556519,0.008635610342025757
175,0.8666687607765198,0.36666882038116455,0.36666882038116455,0.8666687607765198,0.7431356906890869,0.7431356906890869,-0.7431358098983765,-0.7431358098983765,0.02840760350227356,0.971592366695404,0.971592366695404,0.02840760350227356
176,0.900002121925354,0.4000021517276764,0.4000021517276764,0.900002121925354,0.5877742171287537,0.5877742171287537,-0.5877745151519775,-0.5877745151519775,0.07656809687614441,0.9234318733215332,0.9234318733215332,0.07656809687614441
177,0.9333354830741882,0.43333548307418823,0.43333548307418823,0.9333354830741882,0.40672415494918823,0.40672415494918823,-0.40672430396080017,-0.40672430396080017,0.17045968770980835,0.8295403122901917,0.8295403122901917,0.17045968770980835
178,0.9666688442230225,0.4666688144207001,0.4666688144207001,0.9666688442230225,0.2078983187675476,0.2078983187675476,-0.20789822936058044,-0.20789822936058044,0.31698042154312134,0.6830196976661682,0.6830196976661682,0.31698042154312134
179,2.1457672119140625e-06,0.5000021457672119,0.5000021457672119,2.1457672119140625e-06,-1.367728145851288e-05,-1.367728145851288e-05,1.34822530526435e-05,1.34822530526435e-05,0.500012218952179,0.49998778104782104,0.49998778104782104,0.500012218952179
180,0.03333548083901405,0.5333355069160461,0.5333355069160461,0.03333548083901405,-0.20792508125305176,-0.20792508125305176,0.20792490243911743,0.20792490243911743,0.6830415725708008,0.31695830821990967,0.31695830821990967,0.6830415725708008
181,0.06666881591081619,0.5666688680648804,0.5666688680648804,0.06666881591081619,-0.4067493677139282,-0.4067493677139282,0.4067489802837372,0.4067489802837372,0.829555869102478,0.17044395208358765,0.17044395208358765,0.829555869102478
182,0.10000215470790863,0.6000022292137146,0.6000022292137146,0.10000215470790863,-0.587796688079834,-0.587796688079834,0.5877962112426758,0.5877962112426758,0.92344069480896,0.07655912637710571,0.07655912637710571,0.92344069480896
183,0.13333548605442047,0.6333355903625488,0.6333355903625488,0.13333548605442047,-0.7431542873382568,-0.7431542873382568,0.7431539297103882,0.7431539297103882,0.971596360206604,0.028403490781784058,0.028403490781784058,0.971596360206604
184,0.1666688174009323,0.6666689515113831,0.6666689515113831,0.1666688174009323,-0.866032600402832,-0.866032600402832,0.8660321831703186,0.8660321831703186,0.9913657903671265,0.00863415002822876,0.00863415002822876,0.9913657903671265
185,0.20000214874744415,0.7000023126602173,0.7000023126602173,0.20000214874744415,-0.9510610699653625,-0.9510610699653625,0.9510607123374939,0.9510607123374939,0.997853696346283,0.002146303653717041,0.002146303653717041,0.997853696346283
186,0.233335480093956,0.7333356738090515,0.7333356738090515,0.233335480093956,-0.9945234656333923,-0.9945234656333923,0.994523286819458,0.994523286819458,0.9995014071464539,0.000498652458190918,0.000498652458190918,0.9995014071464539
187,0.26666882634162903,0.7666690349578857,0.7666690349578857,0.26666882634162903,-0.9945203065872192,-0.9945203065872192,0.9945204854011536,0.9945204854011536,0.9995013475418091,0.0004987418651580811,0.0004987418651580811,0.9995013475418091
188,0.30000215768814087,0.80000239610672,0.80000239610672,0.30000215768814087,-0.9510517716407776,-0.9510517716407776,0.9510523080825806,0.9510523080825806,0.9978533387184143,0.0021467208862304688,0.0021467208862304688,0.9978533387184143
189,0.3333354890346527,0.8333357572555542,0.8333357572555542,0.3333354890346527,-0.8660178184509277,-0.8660178184509277,0.8660185933113098,0.8660185933113098,0.9913643598556519,0.008635729551315308,0.008635729551315308,0.9913643598556519
190,0.36666882038116455,0.8666691184043884,0.8666691184043884,0.36666882038116455,-0.7431345582008362,-0.7431345582008362,0.7431356906890869,0.7431356906890869,0.971592366695404,0.028407901525497437,0.028407901525497437,0.971592366695404
191,0.4000021517276764,0.9000024795532227,0.9000024795532227,0.4000021517276764,-0.5877726078033447,-0.5877726078033447,0.5877742171287537,0.5877742171287537,0.9234318733215332,0.0765688419342041,0.0765688419342041,0.9234318733215332
192,0.43333548307418823,0.9333358407020569,0.9333358407020569,0.43333548307418823,-0.40672212839126587,-0.40672212839126587,0.40672415494918823,0.40672415494918823,0.8295403122901917,0.1704609990119934,0.1704609990119934,0.8295403122901917
193,0.4666688144207001,0.9666692018508911,0.9666692018508911,0.4666688144207001,-0.207895889878273,-0.207895889878273,0.2078983187675476,0.2078983187675476,0.6830196976661682,0.316982239484787,0.316982239484787,0.6830196976661682
